{
  "beta_by_horizon": [
    [
      -0.00124683715106265,
      -0.0017209144411968105,
      -0.0020430505676033097,
      -0.002283573958669669,
      -0.002377926577117346,
      -0.002420823169010054,
      -0.00245034440208826,
      -0.002407814167546121,
      -0.002317022047456109,
      -0.002189782067334663,
      -0.0020460831959983453,
      -0.001866599958700532,
      -0.00162721026635928,
      -0.0013482808134399457,
      -0.001031802883173543,
      -0.00066894659985564,
      -0.00024179596379747631,
      0.00024445158016997404,
      0.0008185108702999125,
      0.0014704508420750537,
      0.0022363350872772318,
      0.003124412497162028
    ],
    [
      0.5322105627135051,
      0.5511449315403099,
      0.5638979407454171,
      0.5733604329639373,
      0.5768991564570454,
      0.5783683390663099,
      0.5793183677880076,
      0.5773501197417231,
      0.5734420803903919,
      0.5680935210602368,
      0.5620772169517502,
      0.5546205534833916,
      0.5447538979449448,
      0.5333038760643254,
      0.5203559529043245,
      0.5055397727231518,
      0.48815088293040493,
      0.4683702219454662,
      0.445010684082484,
      0.4185016909288145,
      0.38737606885937576,
      0.3513012263082007
    ]
  ],
  "window_id": 12,
  "test_year": 2022,
  "train_year_start": 2012,
  "train_year_end": 2019,
  "val_year_start": 2020,
  "val_year_end": 2021
}