{
  "beta_by_horizon": [
    [
      -0.009824631243404975,
      -0.009970049060653331,
      -0.009992079895711822,
      -0.010027662782346286,
      -0.009970475058803495,
      -0.009784527924669216,
      -0.009470869218822571,
      -0.0091304955248211,
      -0.008834499284287282,
      -0.00847016967779576,
      -0.007976511060763468,
      -0.007451589487336821,
      -0.006967230272696267,
      -0.006437328487209387,
      -0.005834102742047163,
      -0.005211107886449361,
      -0.004502201816675746,
      -0.0037723887500408855,
      -0.0031104266666516123,
      -0.0024231372653460543,
      -0.0016414060360925103,
      -0.000736722973200073
    ],
    [
      0.7015444541623268,
      0.7040427774764254,
      0.7042786432334902,
      0.7047715086834369,
      0.7035734491542257,
      0.7000381327807882,
      0.6941635988271894,
      0.6877948451236461,
      0.6822421057964069,
      0.6754391827982017,
      0.6662635030114269,
      0.6565182124853645,
      0.6475092640028041,
      0.6376724222024092,
      0.6265085802073489,
      0.6149752654325222,
      0.6018630227280297,
      0.5883613842379155,
      0.5760951176255579,
      0.5633623380504839,
      0.5488992018379116,
      0.5321958744546933
    ]
  ],
  "window_id": 3,
  "test_year": 2013,
  "train_year_start": 2003,
  "train_year_end": 2010,
  "val_year_start": 2011,
  "val_year_end": 2012
}