{
  "beta_by_horizon": [
    [
      -0.0013938975699064873,
      -0.0014180735794165928,
      -0.0014656095698323518,
      -0.0014726615685929753,
      -0.001441817943482226,
      -0.0014288159012615291,
      -0.001422728333292684,
      -0.0013717641919294388,
      -0.0012854540703791252,
      -0.0011614558357882466,
      -0.0010008159997141066,
      -0.0007942643417328918,
      -0.0006114082230669137,
      -0.00044125138682279074,
      -0.0002489811473637644,
      -3.854302497153926e-05,
      0.00014719493295286653,
      0.00036428620100237806,
      0.0006377695871953774,
      0.0009205558762452284,
      0.0013113812247952932,
      0.0016994750457490168
    ],
    [
      0.46474988314591315,
      0.46403137794362714,
      0.46395644500943256,
      0.4630469522591656,
      0.4615437184848311,
      0.4604842005948415,
      0.4596032046215493,
      0.45773941922385714,
      0.45509740723604436,
      0.45158363769739446,
      0.44722982290431545,
      0.44184565838188694,
      0.4369708839486526,
      0.43236260698447165,
      0.427212995256564,
      0.4216689317852747,
      0.41669017833479277,
      0.41097433477744977,
      0.40398077993557663,
      0.39675784746486703,
      0.3870954223645699,
      0.3774915763833006
    ]
  ],
  "window_id": 9,
  "test_year": 2019,
  "train_year_start": 2009,
  "train_year_end": 2016,
  "val_year_start": 2017,
  "val_year_end": 2018
}