{
  "beta_by_horizon": [
    [
      -0.00967961946399602,
      -0.01075893227314222,
      -0.011543534729697972,
      -0.012198992449318234,
      -0.012689207591733868,
      -0.013030143520136218,
      -0.01315627355169742,
      -0.013118169911321368,
      -0.01287628922804602,
      -0.012398523434873436,
      -0.01187365007494745,
      -0.011166864868076337,
      -0.010258727364898416,
      -0.009328434841214884,
      -0.008227306038253474,
      -0.006987622594065319,
      -0.005677072745187959,
      -0.004196675194754992,
      -0.0025162972162168307,
      -0.0006834622055451302,
      0.0011594341825846362,
      0.003161638346590485
    ],
    [
      0.8332489279969127,
      0.8595126980944362,
      0.8786379283074007,
      0.8946613177339379,
      0.9066945711072848,
      0.9151259243379638,
      0.9183860374131729,
      0.9176647258640231,
      0.9120340728270223,
      0.9006266077149595,
      0.8880815720091174,
      0.8711616689224136,
      0.8493876889795458,
      0.8270779922295759,
      0.8006513465122743,
      0.7708997600743777,
      0.7393901896476148,
      0.7037694082473909,
      0.6633172703163795,
      0.6191708534932249,
      0.5747861371500502,
      0.5265694100788911
    ]
  ],
  "window_id": 15,
  "test_year": 2025,
  "train_year_start": 2015,
  "train_year_end": 2022,
  "val_year_start": 2023,
  "val_year_end": 2024
}