{
  "beta_by_horizon": [
    [
      -0.010150108388989127,
      -0.010288101953011025,
      -0.010303375950173357,
      -0.010327723400432398,
      -0.01025546970849097,
      -0.010050541273357966,
      -0.009707877836182498,
      -0.009339078754861797,
      -0.009007191432785104,
      -0.008600529166052593,
      -0.00806084505250621,
      -0.007481692662540473,
      -0.00693860135514593,
      -0.00635772971851467,
      -0.005693253717033755,
      -0.005015267761928773,
      -0.004244346787747613,
      -0.0034521036247931293,
      -0.0027180328787510533,
      -0.0019591237277373063,
      -0.0010935838068575488,
      -0.00010403381520840342
    ],
    [
      0.6964512680306945,
      0.6988790622685349,
      0.6991681973926261,
      0.6996154658631081,
      0.6983791932409976,
      0.6948331114157469,
      0.6888978529949402,
      0.6825034637783225,
      0.6767468386174709,
      0.6696878075648812,
      0.6603079107102996,
      0.6502440743575794,
      0.6408068861777815,
      0.6307142140496819,
      0.6191650058551635,
      0.6073797492450363,
      0.5939692692010089,
      0.5801889547565355,
      0.5674166446436905,
      0.5541991962684032,
      0.5391237531396248,
      0.5218843544160584
    ]
  ],
  "window_id": 5,
  "test_year": 2015,
  "train_year_start": 2005,
  "train_year_end": 2012,
  "val_year_start": 2013,
  "val_year_end": 2014
}