{
  "beta_by_horizon": [
    [
      -0.010588819913255072,
      -0.010731659651559072,
      -0.010749241054404514,
      -0.010776468082809038,
      -0.010704896437089502,
      -0.010498040602272088,
      -0.010151306035087893,
      -0.009776978390410616,
      -0.009439965077622584,
      -0.009026688286678521,
      -0.00847784452836999,
      -0.007889265476589547,
      -0.0073371524506456055,
      -0.006748181816205022,
      -0.006073750480071838,
      -0.005385311843117456,
      -0.004601567332921455,
      -0.0037962390061676145,
      -0.003049061503160433,
      -0.0022753216759504313,
      -0.0013922796853554058,
      -0.00038164703201604177
    ],
    [
      0.6990132825340322,
      0.7014760588098855,
      0.7017778745867227,
      0.7022405009041562,
      0.7010043664577157,
      0.6974371562238955,
      0.6914626162029345,
      0.6850183714835136,
      0.679216427259331,
      0.6721003973810579,
      0.662644625420789,
      0.6525022469049109,
      0.6429873521740157,
      0.6328192113379444,
      0.6211805846536557,
      0.6093033808264994,
      0.5957858353677609,
      0.5818959839728233,
      0.5690148503161822,
      0.555678905691309,
      0.540464595122616,
      0.5230579716198364
    ]
  ],
  "window_id": 6,
  "test_year": 2016,
  "train_year_start": 2006,
  "train_year_end": 2013,
  "val_year_start": 2014,
  "val_year_end": 2015
}