{
  "beta_by_horizon": [
    [
      -0.0004745474343533547,
      -0.0006510183786382639,
      -0.0007920828054118479,
      -0.0008840404031731302,
      -0.0009119918576681874,
      -0.0009105041841255407,
      -0.0008789746758944982,
      -0.0008258279409591669,
      -0.0007141970212375945,
      -0.0005695435986651717,
      -0.00041482122476993325,
      -0.00021752722521328305,
      2.246064616515696e-05,
      0.00024061197154127002,
      0.0005080651751811756,
      0.0007670618908069006,
      0.0010670530231397615,
      0.0013819181841765347,
      0.0017830708861265095,
      0.0022088157908471146,
      0.0027217430372684383,
      0.003276599939891324
    ],
    [
      0.4711386248557452,
      0.4782099212754631,
      0.48413762036795926,
      0.4884004425533588,
      0.49050284904557373,
      0.49150755182968603,
      0.49146206893885974,
      0.49062953263939224,
      0.4877946571008698,
      0.483817546925129,
      0.47949396284125145,
      0.47372431818468036,
      0.4664750841740152,
      0.4599469216790221,
      0.4516750365558081,
      0.44362235760436053,
      0.4340787116828132,
      0.4240130943046136,
      0.4109255259962255,
      0.39688772650333143,
      0.3798857175621471,
      0.3614620362840314
    ]
  ],
  "window_id": 11,
  "test_year": 2021,
  "train_year_start": 2011,
  "train_year_end": 2018,
  "val_year_start": 2019,
  "val_year_end": 2020
}