{
  "beta_by_horizon": [
    [
      -0.010957798238746166,
      -0.011100600023412911,
      -0.011114252554809754,
      -0.011136429997104525,
      -0.011057669226602314,
      -0.010841660428816293,
      -0.010483901546024625,
      -0.01009715949488343,
      -0.009747645354145785,
      -0.009320321622737803,
      -0.00875553871803158,
      -0.00815152348652564,
      -0.007584717768439417,
      -0.006978518897870312,
      -0.006285332813455137,
      -0.0055781572799259984,
      -0.004773581155888166,
      -0.003946778489137593,
      -0.0031778542357423305,
      -0.00238123709581712,
      -0.0014719974321041175,
      -0.00043346534245203744
    ],
    [
      0.7010699870062562,
      0.7035832516153373,
      0.7039028538837707,
      0.7043694406623032,
      0.7031117699655975,
      0.6995041610562336,
      0.6934650114766061,
      0.6869513335207191,
      0.6810785654986056,
      0.6738781894318722,
      0.6643187038364146,
      0.6540674122889902,
      0.6444496745154773,
      0.6341615490485352,
      0.6223862301422032,
      0.6103718850486243,
      0.5966987748652087,
      0.5826555931974071,
      0.5696140414169434,
      0.556099399340414,
      0.5406740954030096,
      0.5230374465123063
    ]
  ],
  "window_id": 7,
  "test_year": 2017,
  "train_year_start": 2007,
  "train_year_end": 2014,
  "val_year_start": 2015,
  "val_year_end": 2016
}