{
  "beta_by_horizon": [
    [
      -0.009725394512695492,
      -0.009851937266235357,
      -0.009858514574471882,
      -0.009875172830617963,
      -0.009797756454924554,
      -0.009591777190064222,
      -0.00925254565749973,
      -0.008888021990828766,
      -0.008559397661766657,
      -0.008159444132466569,
      -0.007629045477335749,
      -0.007061181654929756,
      -0.006529209438883996,
      -0.005961009954601016,
      -0.005312478817792994,
      -0.004650508159200279,
      -0.003897143243483675,
      -0.0031239441787700144,
      -0.0024066352432070386,
      -0.001664903964491522,
      -0.0008198088601522782,
      0.00014622825297261064
    ],
    [
      0.6950428774573956,
      0.6974215111624404,
      0.6976782022934185,
      0.6980987469810767,
      0.6968516754419734,
      0.6933158111825953,
      0.687414527364777,
      0.6810588121990098,
      0.6753344902932659,
      0.6683239129631102,
      0.6590117090011832,
      0.6490273228583433,
      0.6396668361740806,
      0.6296562491808825,
      0.618210491479299,
      0.6065246772300571,
      0.593227020273356,
      0.5795671025476887,
      0.5669013740452146,
      0.5538044882419229,
      0.5388754418186872,
      0.521805018108783
    ]
  ],
  "window_id": 4,
  "test_year": 2014,
  "train_year_start": 2004,
  "train_year_end": 2011,
  "val_year_start": 2012,
  "val_year_end": 2013
}