{
  "beta_by_horizon": [
    [
      -0.0021366799625224544,
      -0.0022073686645229297,
      -0.0022918348205027152,
      -0.0023238094592716264,
      -0.0022717848434699677,
      -0.0022315914814762523,
      -0.002179217359670052,
      -0.002046011423440706,
      -0.0018600278073026212,
      -0.001621100306426893,
      -0.0013356489400546331,
      -0.0009579618150469377,
      -0.0006359840219228777,
      -0.00035093595540222036,
      -2.881364965584119e-05,
      0.00028148866231286735,
      0.0005870007601389212,
      0.0009027650983589775,
      0.0012989453158824037,
      0.001700701797650584,
      0.002280748321277819,
      0.0028385730342846065
    ],
    [
      0.4957155245344388,
      0.49781772431718296,
      0.5003264976093004,
      0.5012486546938656,
      0.4995972025904369,
      0.49831327614384485,
      0.49665705096605334,
      0.49251968942317836,
      0.4867684561058506,
      0.47939774056357615,
      0.4706079269014538,
      0.4589789382797906,
      0.4490335211948592,
      0.44020803077741283,
      0.43024702160153067,
      0.4206419085143368,
      0.41116891273160755,
      0.40136091035924476,
      0.38906238883506855,
      0.37660318440652135,
      0.358683634731879,
      0.3414492283703845
    ]
  ],
  "window_id": 10,
  "test_year": 2020,
  "train_year_start": 2010,
  "train_year_end": 2017,
  "val_year_start": 2018,
  "val_year_end": 2019
}