{
  "beta_by_horizon": [
    [
      -0.010642530229432918,
      -0.010795167092393317,
      -0.010817783231796524,
      -0.010848688698957146,
      -0.010781836828459072,
      -0.010582004268546465,
      -0.010242562370833111,
      -0.00987331632723746,
      -0.00953793823539717,
      -0.009122535313652468,
      -0.008570084574633001,
      -0.007971603003959327,
      -0.0074082454385633835,
      -0.006809731761299597,
      -0.006136217427066924,
      -0.005450269036667246,
      -0.004669446319417554,
      -0.003870336939451564,
      -0.0031304190146084023,
      -0.0023628893719860526,
      -0.0014828916408267732,
      -0.000468321182280056
    ],
    [
      0.6998986453493761,
      0.7025219443030123,
      0.7028938949991708,
      0.7034024872987209,
      0.7022094335035566,
      0.6987208237431444,
      0.6927953235256158,
      0.68636923314927,
      0.6805703819507644,
      0.6734486849328275,
      0.6639646788927507,
      0.6537329367224936,
      0.644094511400294,
      0.6337832245347117,
      0.6220362653561664,
      0.6100733971538193,
      0.5964655992936063,
      0.5825352675514911,
      0.5696309757712755,
      0.5562248206496997,
      0.5408358782415943,
      0.5231547275000034
    ]
  ],
  "window_id": 8,
  "test_year": 2018,
  "train_year_start": 2008,
  "train_year_end": 2015,
  "val_year_start": 2016,
  "val_year_end": 2017
}