{
  "beta_by_horizon": [
    [
      -0.009409888082246649,
      -0.009590524723114934,
      -0.009628795716843025,
      -0.009677546282493505,
      -0.009637678099450596,
      -0.009459806366556097,
      -0.009140084635620703,
      -0.00880839628767213,
      -0.008521828721532882,
      -0.008175980957555293,
      -0.007698742941832241,
      -0.007196885996651176,
      -0.006704224108483578,
      -0.006154537026589634,
      -0.005532270695068282,
      -0.00488875291690193,
      -0.004147098985930854,
      -0.00338630810747384,
      -0.0027009245312272605,
      -0.001985457316483375,
      -0.001188800067765261,
      -0.0002487293168486994
    ],
    [
      0.6980911120311629,
      0.7011711566623676,
      0.7017840805500996,
      0.7025605263215416,
      0.701816532531047,
      0.6986699778669715,
      0.6930782085434419,
      0.6872831572400039,
      0.6822769958629482,
      0.6762592745915889,
      0.6679741850513792,
      0.6592772507701913,
      0.6507506254201559,
      0.6412382504344554,
      0.6304772822203228,
      0.6193522479870954,
      0.6065401061201348,
      0.5934059930015666,
      0.5815748696296466,
      0.5691829709807908,
      0.5553920785587271,
      0.5391232999433431
    ]
  ],
  "window_id": 2,
  "test_year": 2012,
  "train_year_start": 2002,
  "train_year_end": 2009,
  "val_year_start": 2010,
  "val_year_end": 2011
}