{
  "beta_by_horizon": [
    [
      -0.008857573732717035,
      -0.009738208827723548,
      -0.010375907518078748,
      -0.010912251280970958,
      -0.01131009234048848,
      -0.01158739516060387,
      -0.011685228600041231,
      -0.011647422386893544,
      -0.01143739094393316,
      -0.011027854787380591,
      -0.010579638704706068,
      -0.009984680651001648,
      -0.009222881688715436,
      -0.008446910063977959,
      -0.0075286880106334875,
      -0.006495724055332818,
      -0.005405029633307848,
      -0.004172931078119627,
      -0.002779413300612825,
      -0.001260359743906306,
      0.0002638802957431509,
      0.0019189179730564351
    ],
    [
      0.8656498267173274,
      0.8922142358721433,
      0.9115063012954943,
      0.9277547317390085,
      0.9398528643969837,
      0.9483300899845053,
      0.9514038729900319,
      0.9503902490218489,
      0.9441919696873616,
      0.931987679522754,
      0.9186205368484138,
      0.9008401427446487,
      0.8780375111863019,
      0.8548018856088312,
      0.8272766182462229,
      0.7962946997490029,
      0.7636219156497531,
      0.7267264401264081,
      0.684998130811404,
      0.6395210206616286,
      0.5939033922190976,
      0.544363655356925
    ]
  ],
  "window_id": 13,
  "test_year": 2023,
  "train_year_start": 2013,
  "train_year_end": 2020,
  "val_year_start": 2021,
  "val_year_end": 2022
}