{
  "beta_by_horizon": [
    [
      -0.0022315026506865496,
      -0.002447429750918872,
      -0.002591459607107345,
      -0.0026870073218928973,
      -0.0027095959799446367,
      -0.0027016198478283797,
      -0.002652826950913979,
      -0.0025817239569065754,
      -0.0024768620879725353,
      -0.0023714132872827086,
      -0.0022288278200774466,
      -0.002083821475828085,
      -0.001872962053088989,
      -0.0015856818326275939,
      -0.0013151035361417332,
      -0.0010330121963326889,
      -0.0007154269109021335,
      -0.0003819038337109917,
      -4.077262335510372e-05,
      0.00035293800571525007,
      0.0008449223848987424,
      0.001383608548982137
    ],
    [
      0.5532003542600697,
      0.5580195061730853,
      0.5612110357211363,
      0.5632972558107134,
      0.5637311663049093,
      0.5634760523779855,
      0.5622865419310068,
      0.5605861469121167,
      0.5580566047218969,
      0.5554728839070998,
      0.5520265985466012,
      0.5485380740853717,
      0.5435563457827401,
      0.536880477891209,
      0.5308018730461896,
      0.5244554340490922,
      0.5172829674998938,
      0.5097968883417903,
      0.5021568440616392,
      0.4933706731091478,
      0.4823796319021061,
      0.4703061361626263
    ]
  ],
  "window_id": 0,
  "test_year": 2010,
  "train_year_start": 2000,
  "train_year_end": 2007,
  "val_year_start": 2008,
  "val_year_end": 2009
}