{
  "beta_by_horizon": [
    [
      -0.010163903884031829,
      -0.010361965124212688,
      -0.010393092170095286,
      -0.010440481605140113,
      -0.010392064999610288,
      -0.01019029059090846,
      -0.009829175329775104,
      -0.009452138378916154,
      -0.009125220890073357,
      -0.008733496723167365,
      -0.008204238092706005,
      -0.0076487708292916744,
      -0.007102820109674211,
      -0.006496247507606332,
      -0.00580910990293185,
      -0.005110962516417066,
      -0.004293909443297999,
      -0.0034646430202523583,
      -0.0027172843779574955,
      -0.001931570553309264,
      -0.0010587371461183374,
      -3.4527399989922663e-05
    ],
    [
      0.7463417331753915,
      0.7507659278833745,
      0.7519586320917814,
      0.7533860550105792,
      0.7527914284384611,
      0.7492688394552008,
      0.7427052666397929,
      0.7358409403899717,
      0.7299109740378078,
      0.7227752401653881,
      0.7130568579035638,
      0.7028340412997481,
      0.6928231484821675,
      0.6816874891787092,
      0.6691175505272862,
      0.6563543775989071,
      0.6413613980649052,
      0.6261640419069174,
      0.6125255619491742,
      0.5981812369039021,
      0.5821997160678042,
      0.5633706757234136
    ]
  ],
  "window_id": 1,
  "test_year": 2011,
  "train_year_start": 2001,
  "train_year_end": 2008,
  "val_year_start": 2009,
  "val_year_end": 2010
}