{
  "beta_by_horizon": [
    [
      -0.009767996984970802,
      -0.010716488384600155,
      -0.011404333050588508,
      -0.0119811893159535,
      -0.012410913800573664,
      -0.012706601867859,
      -0.012811944298562921,
      -0.012771106955818049,
      -0.012547085821359584,
      -0.012111116534641754,
      -0.01163379611970495,
      -0.010998027774541461,
      -0.010182075422381148,
      -0.009349633199339773,
      -0.008357576447245264,
      -0.007239690151931487,
      -0.006056636037871823,
      -0.004722313160872254,
      -0.0032091895275221795,
      -0.0015595567681423908,
      9.447464297868259e-05,
      0.001889051266975217
    ],
    [
      0.8521552945423628,
      0.8788993530657274,
      0.8983092989322831,
      0.9146114834424054,
      0.9267739122741295,
      0.9352180438213132,
      0.9383352716296168,
      0.9373421977760161,
      0.9312287329190662,
      0.9191684755811204,
      0.9059384290091463,
      0.8882677449565503,
      0.8655771026061393,
      0.8424545233053243,
      0.8150404490896435,
      0.7841576174988074,
      0.7515285114070527,
      0.7147013981473772,
      0.6729144727487729,
      0.627313530319599,
      0.5815936923718164,
      0.5319249095508601
    ]
  ],
  "window_id": 14,
  "test_year": 2024,
  "train_year_start": 2014,
  "train_year_end": 2021,
  "val_year_start": 2022,
  "val_year_end": 2023
}