{
  "omega": 3.0905704132083488e-06,
  "alpha": 0.14093877915147163,
  "beta": 0.8221711574898929,
  "last_variance": 2.3844130824354534e-05,
  "note": "GARCH daily variance combined with observed/predicted components in each trailing 22-day target window",
  "window_id": 10,
  "test_year": 2020,
  "train_year_start": 2010,
  "train_year_end": 2017,
  "val_year_start": 2018,
  "val_year_end": 2019
}