{
  "omega": 4.087363586809031e-06,
  "alpha": 0.16817457775076863,
  "beta": 0.7839338551935272,
  "last_variance": 0.0004079966696095463,
  "note": "GARCH daily variance combined with observed/predicted components in each trailing 22-day target window",
  "window_id": 11,
  "test_year": 2021,
  "train_year_start": 2011,
  "train_year_end": 2018,
  "val_year_start": 2019,
  "val_year_end": 2020
}