model,horizon,n,QLIKE,MSE,MAE,R2_oos,mean_y,mean_y_hat,bias
"GARCH(1,1)",22,4002,0.3365030439179565,0.0017732560629313762,0.01786990348415569,0.04588372206768698,0.02141204946525192,0.0284168855458202,0.00700483608056828
HAR,22,4002,0.38761649197117626,0.0012706558640038605,0.011945475141575,0.3163122524492685,0.02141204946525192,0.015633900290383827,-0.005778149174868093
LSTM,22,4002,0.4987964403676861,0.001375766461945436,0.012601618867844345,0.2597565555165482,0.02141204946525192,0.015470174367065045,-0.005941875098186875
RW,22,4002,0.418127364742532,0.001858532449288298,0.014922087500702052,0.0,0.02141204946525192,0.021363520864901186,-4.8528600350734505e-05
TSMixerX,22,4002,0.8513420851075122,0.001469373410128864,0.013980465190667658,0.209390500181182,0.02141204946525192,0.015334652167615263,-0.006077397297636657
VIX,22,4002,0.4090611250452817,0.001751707161958428,0.024790109597895797,0.05747830088776629,0.02141204946525192,0.038705888303348326,0.017293838838096407
VIX_calibrated,22,4002,0.31108952407531104,0.0011233743253738408,0.011753189058055568,0.39555840103624607,0.02141204946525192,0.018875166248308085,-0.0025368832169438385
XGBoost,22,4002,0.9057201948802674,0.001754229986516874,0.021387406045824703,0.05612087257952658,0.02141204946525192,0.025242277427689582,0.0038302279624376615
