{
  "omega": 1.3691495525337027e-06,
  "alpha": 0.08422140720541037,
  "beta": 0.9084005432392412,
  "last_variance": 5.2717790343944204e-05,
  "fit_end": "2011-12-22 00:00:00"
}