{
  "omega": 1.5742212498065496e-06,
  "alpha": 0.09519541876801793,
  "beta": 0.8920655118746316,
  "last_variance": 0.00021539201094381252,
  "fit_end": "2017-12-04 00:00:00"
}