{
  "omega": 7.492527574428204e-06,
  "alpha": 0.05,
  "beta": 0.9,
  "last_variance": 0.00011818493101679832,
  "fit_end": "2024-12-03 00:00:00"
}