{
  "omega": 7.096581540789211e-06,
  "alpha": 0.05,
  "beta": 0.9,
  "last_variance": 8.895191012085366e-05,
  "fit_end": "2019-12-09 00:00:00"
}