{
  "omega": 2.3674771988334553e-06,
  "alpha": 0.12101194749551368,
  "beta": 0.8612586944023956,
  "last_variance": 0.00015281163201687892,
  "fit_end": "2021-12-10 00:00:00"
}