{
  "omega": 7.396836729421766e-06,
  "alpha": 0.05,
  "beta": 0.9,
  "last_variance": 0.00018640392615563946,
  "fit_end": "2017-12-04 00:00:00"
}