{
  "omega": 2.2105269206674925e-06,
  "alpha": 0.11598417816843325,
  "beta": 0.8678751879366184,
  "last_variance": 4.203874281520611e-05,
  "fit_end": "2023-12-15 00:00:00"
}