{
  "omega": 8.030129120156503e-06,
  "alpha": 0.05,
  "beta": 0.9,
  "last_variance": 9.548712419945e-05,
  "fit_end": "2015-12-01 00:00:00"
}