{
  "omega": 1.5039522665212344e-06,
  "alpha": 0.08548326791308133,
  "beta": 0.9050458451579081,
  "last_variance": 4.431513282369018e-05,
  "fit_end": "2012-12-11 00:00:00"
}