{
  "omega": 7.670569870803854e-06,
  "alpha": 0.05,
  "beta": 0.9,
  "last_variance": 9.433117373649214e-05,
  "fit_end": "2023-12-15 00:00:00"
}