{
  "omega": 7.682291538188182e-06,
  "alpha": 0.05,
  "beta": 0.9,
  "last_variance": 0.0001572613362403318,
  "fit_end": "2021-12-10 00:00:00"
}