{
  "omega": 7.847736858149238e-06,
  "alpha": 0.05,
  "beta": 0.9,
  "last_variance": 9.76934958623267e-05,
  "fit_end": "2022-12-29 00:00:00"
}