{
  "omega": 2.023745279326375e-06,
  "alpha": 0.10971771867280634,
  "beta": 0.8739450132546565,
  "last_variance": 4.0987264879429994e-05,
  "fit_end": "2019-12-09 00:00:00"
}