{
  "omega": 2.096252811277218e-06,
  "alpha": 0.09884074718894664,
  "beta": 0.8846437500845596,
  "last_variance": 3.520575009117266e-05,
  "fit_end": "2016-12-16 00:00:00"
}