{
  "omega": 2.2296996144472123e-06,
  "alpha": 0.11526048433630427,
  "beta": 0.8678173975352111,
  "last_variance": 9.725100987582024e-05,
  "fit_end": "2024-12-03 00:00:00"
}