{
  "omega": 1.213659761311438e-06,
  "alpha": 0.07756635630884223,
  "beta": 0.9151362263916479,
  "last_variance": 0.0002222592601139271,
  "fit_end": "2010-12-07 00:00:00"
}