{
  "omega": 9.145238292866382e-06,
  "alpha": 0.05,
  "beta": 0.9,
  "last_variance": 0.00010711968877281942,
  "fit_end": "2012-12-11 00:00:00"
}