{
  "omega": 1.5231899863955146e-06,
  "alpha": 0.0856517688860945,
  "beta": 0.9037898425378084,
  "last_variance": 7.121509976614412e-05,
  "fit_end": "2013-12-30 00:00:00"
}