{
  "omega": 1.765719251124373e-06,
  "alpha": 0.09401743262636815,
  "beta": 0.8929056970193996,
  "last_variance": 4.2983090494163566e-05,
  "fit_end": "2015-12-01 00:00:00"
}