{
  "omega": 9.621349059034811e-06,
  "alpha": 0.05,
  "beta": 0.9,
  "last_variance": 0.0001156441726087357,
  "fit_end": "2011-12-22 00:00:00"
}