{
  "omega": 8.649171964951883e-06,
  "alpha": 0.05,
  "beta": 0.9,
  "last_variance": 0.00011806198346409595,
  "fit_end": "2013-12-30 00:00:00"
}