{
  "omega": 1.5871638610906517e-06,
  "alpha": 0.08977196417446759,
  "beta": 0.8987402451018682,
  "last_variance": 6.449683383410547e-05,
  "fit_end": "2014-12-15 00:00:00"
}