{
  "omega": 7.260467300333335e-06,
  "alpha": 0.05,
  "beta": 0.9,
  "last_variance": 8.663111402461839e-05,
  "fit_end": "2018-12-21 00:00:00"
}