{
  "omega": 1.8045154330589025e-06,
  "alpha": 0.10161655026519936,
  "beta": 0.8841721303681778,
  "last_variance": 4.0741317371416225e-05,
  "fit_end": "2018-12-21 00:00:00"
}