{
  "omega": 2.2370255244475817e-06,
  "alpha": 0.11865159500375028,
  "beta": 0.8658872252007109,
  "last_variance": 4.885236728527282e-05,
  "fit_end": "2022-12-29 00:00:00"
}