{
  "omega": 2.2471359471416016e-06,
  "alpha": 0.12086251283318708,
  "beta": 0.8629725141942862,
  "last_variance": 0.00013159866822993747,
  "fit_end": "2020-12-24 00:00:00"
}