{
  "omega": 7.764684661230964e-06,
  "alpha": 0.05,
  "beta": 0.9,
  "last_variance": 8.728080489280656e-05,
  "fit_end": "2016-12-16 00:00:00"
}