{
  "omega": 8.248517836940691e-06,
  "alpha": 0.05,
  "beta": 0.9,
  "last_variance": 0.00011012514230563228,
  "fit_end": "2014-12-15 00:00:00"
}