{
  "omega": 9.56036382942853e-06,
  "alpha": 0.05,
  "beta": 0.9,
  "last_variance": 0.00020506707375276325,
  "fit_end": "2010-12-07 00:00:00"
}