{
  "omega": 7.883030070128893e-06,
  "alpha": 0.05,
  "beta": 0.9,
  "last_variance": 0.0001398032573357349,
  "fit_end": "2020-12-24 00:00:00"
}