,"GARCH(1,1)",HAR,LSTM,RW,TSMixerX,VIX,VIX3M,XGBoost
"GARCH(1,1)",,0.06205223255957872,1.0838590595078946e-11,0.06599079236950799,0.044015068861803994,0.052083484673214706,0.015171627450568492,0.06779353608281864
HAR,0.5862612361428138,,1.8208238364020757e-11,0.07544021450562506,0.018448847319357163,0.592298745836238,0.01776210674200226,0.06515997343696761
LSTM,0.5578369603489008,0.839376030273353,,0.03516267380011631,0.1712162303836557,0.9838961927013554,0.9996528837968802,0.902321997014457
RW,0.02506145140435311,0.11664179015758436,2.3153326657521145e-11,,0.03669444179186234,0.7371621343980227,0.013799184109626042,0.06683534671753778
TSMixerX,0.8042042846940907,0.08940028013942747,1.1136195452760655e-11,0.06843699906060724,,0.1193966750411854,0.00966143032708739,0.04059722784086936
VIX,0.033540741104719135,0.016719762779076268,1.9767793968437666e-11,0.047054875572294486,0.01979047381415905,,0.0010701746258072894,0.07356005198707774
VIX3M,0.21122513998794024,0.02033042261582295,2.5638085948703013e-11,0.05423609383048877,0.010902556148260915,0.9939447190137576,,0.09143353781443464
XGBoost,0.7348505573032583,0.043270123044411496,1.4374696268720136e-11,0.0708236795615951,6.519420499505694e-06,0.34177080333357807,0.05046248561298109,
