,"GARCH(1,1)",HAR,LSTM,RW,TSMixerX,VIX,VIX3M,XGBoost
"GARCH(1,1)",,0.06205223255957872,1.0838591389170546e-11,0.06599079236950799,0.017952147149169474,0.052083484673214706,0.015171627450568492,0.06779353608281864
HAR,0.5862612361428138,,1.820823964581095e-11,0.07544021450562506,0.004339106035528062,0.592298745836238,0.01776210674200226,0.06515997343696761
LSTM,0.5578369658097965,0.8393760294569252,,0.035162672643423064,0.511403207768557,0.9838961916512055,0.999652883770886,0.9023219944552003
RW,0.02506145140435311,0.11664179015758436,2.315332817880327e-11,,0.017106416025311124,0.7371621343980227,0.013799184109626042,0.06683534671753778
TSMixerX,0.8526199556355603,0.21555147347113912,1.3580545887400305e-12,0.07430673317926552,,0.3016795440048172,0.060944721913032414,0.44510476353991746
VIX,0.033540741104719135,0.016719762779076268,1.9767795208909534e-11,0.047054875572294486,0.009621213254785864,,0.0010701746258072894,0.07356005198707774
VIX3M,0.21122513998794024,0.02033042261582295,2.5638087560372238e-11,0.05423609383048877,0.005775610580555303,0.9939447190137576,,0.09143353781443464
XGBoost,0.7348505573032583,0.043270123044411496,1.437469723178216e-11,0.0708236795615951,2.9983822935709832e-05,0.34177080333357807,0.05046248561298109,
