,"GARCH(1,1)",HAR,LSTM,RW,TSMixerX,VIX,VIX3M,XGBoost
"GARCH(1,1)",,0.3084650159833582,0.10836838630319703,0.0024965698612231316,0.3084651004806689,0.000721577084435585,0.030505383385233707,0.000760141442742154
HAR,0.3084650159833582,,0.308465044132349,0.30846499382449455,0.3296845501823562,0.30846498960066027,0.30846499870060096,0.30846499155643337
LSTM,0.10836838630319703,0.308465044132349,,3.05509505997959e-07,0.30846562103231856,2.9268735584725736e-12,2.7482636703748053e-10,6.125707659459386e-08
RW,0.0024965698612231316,0.30846499382449455,3.05509505997959e-07,,0.3084644545072326,0.16865602754071185,0.25371885461527754,0.9585952578549317
TSMixerX,0.3084651004806689,0.3296845501823562,0.30846562103231856,0.3084644545072326,,0.3084643357198935,0.3084645597133544,0.30846445240768594
VIX,0.000721577084435585,0.30846498960066027,2.9268735584725736e-12,0.16865602754071185,0.3084643357198935,,4.7000495860624546e-17,0.29098271034518586
VIX3M,0.030505383385233707,0.30846499870060096,2.7482636703748053e-10,0.25371885461527754,0.3084645597133544,4.7000495860624546e-17,,0.2611685200453745
XGBoost,0.000760141442742154,0.30846499155643337,6.125707659459386e-08,0.9585952578549317,0.30846445240768594,0.29098271034518586,0.2611685200453745,
