,"GARCH(1,1)",HAR,LSTM,RW,TSMixerX,VIX,VIX3M,XGBoost
"GARCH(1,1)",,0.3084649932201454,1.1322834310063906e-28,0.8828881905992428,0.005445706719263973,0.09875958900803944,0.06061332151905519,0.2562312901835061
HAR,0.3084649932201454,,0.3084651356647029,0.30846499382449455,0.03530881474675933,0.30846498960066027,0.30846499870060085,0.3084649976790679
LSTM,1.1322834310063906e-28,0.3084651356647029,,1.7332329184585858e-24,0.005445709597303756,2.0774656979226604e-32,5.070707661662018e-31,4.3472392467287814e-16
RW,0.8828881905992428,0.30846499382449455,1.7332329184585858e-24,,0.005445706696796297,0.16865602754069042,0.25371885461527555,0.2817131698221581
TSMixerX,0.005445706719263973,0.03530881474675933,0.005445709597303756,0.005445706696796297,,0.005445706613969212,0.005445706808332472,0.00544570687721786
VIX,0.09875958900803944,0.30846498960066027,2.0774656979226604e-32,0.16865602754069042,0.005445706613969212,,4.700049586065772e-17,0.07912039409869193
VIX3M,0.06061332151905519,0.30846499870060085,5.070707661662018e-31,0.25371885461527555,0.005445706808332472,4.700049586065772e-17,,0.6543283614779063
XGBoost,0.2562312901835061,0.3084649976790679,4.3472392467287814e-16,0.2817131698221581,0.00544570687721786,0.07912039409869193,0.6543283614779063,
