,"GARCH(1,1)",HAR,LSTM,RW,TSMixerX,VIX,VIX3M,XGBoost
"GARCH(1,1)",,0.35786828329087983,1.6682395449179134e-127,6.381202230551724e-32,0.10619720919201997,6.978394009610115e-08,3.1855506919518043e-16,4.799726422201639e-14
HAR,0.3578682832908893,,0.4024335808862287,0.26156919701717424,0.028866361799360158,0.36292991896442517,0.3169850742627516,0.31298434415789494
LSTM,1.6682395449156296e-127,0.4024335808862307,,2.5390529590138196e-60,0.11690092857564782,4.026023326978548e-171,4.628691943399313e-189,6.006407998344931e-167
RW,6.381202280971258e-32,0.26156919700075215,2.539052940589861e-60,,1.080363331669719e-128,2.6158525573709973e-222,1.0532996923046145e-136,6.72865956021229e-14
TSMixerX,0.10619720919201976,0.028866361799353646,0.1169009285756509,1.0803534405034344e-128,,0.1389592781530513,0.18841444409274,0.1809887943144963
VIX,6.978394009610561e-08,0.362929918964448,4.02602332692968e-171,5.258134097815011e-221,0.13895927815305617,,2.0234329352689597e-14,2.1227417679062638e-26
VIX3M,3.185550691949664e-16,0.3169850742627396,4.628691943374788e-189,1.0532997100440287e-136,0.18841444409274505,2.0234329352686116e-14,,0.00026267053794128495
XGBoost,4.799726422202307e-14,0.31298434415794657,6.006407998267912e-167,6.728659559228633e-14,0.18098879431449352,2.1227417678785263e-26,0.00026267053794133666,
