,"GARCH(1,1)",HAR,LSTM,RW,TSMixerX,VIX,VIX3M,XGBoost
"GARCH(1,1)",,0.35786828329089726,1.6682366079418995e-127,6.381202283285926e-32,0.00776433184326394,6.978394009609024e-08,3.1855506919536655e-16,4.799726422200125e-14
HAR,0.3578682832908984,,0.4024335807980503,0.2615691970292596,0.007853555688007113,0.36292991896447574,0.31698507426275535,0.3129843441578635
LSTM,1.668236607974916e-127,0.4024335807980279,,2.5390867530493486e-60,0.01680811508682063,4.0260141675062307e-171,4.6286849457097694e-189,6.006440890873262e-167
RW,6.381202318271017e-32,0.26156919700426007,2.5390867435631014e-60,,0.007179601529317634,2.615853010729926e-222,1.0532996933117634e-136,6.728659560916327e-14
TSMixerX,0.007764331843264368,0.007853555688002044,0.016808115086819956,0.007179601537164421,,0.014724200678012077,0.012046440975692551,0.01522213060827159
VIX,6.978394009610626e-08,0.36292991896444876,4.026014167540417e-171,0.0,0.014724200678014344,,2.0234329353876066e-14,2.122741767831699e-26
VIX3M,3.18555069194806e-16,0.3169850742627258,4.628684945738513e-189,1.0532996794086224e-136,0.012046440975686504,2.0234329353428845e-14,,0.0002626705379412742
XGBoost,4.7997264222009526e-14,0.31298434415792226,6.0064408909417256e-167,6.728659560576348e-14,0.015222130608271787,2.122741767892847e-26,0.0002626705379412999,
