model,n,QLIKE,MSE,MAE,R2_oos,mean_y_hat,MCS_arch_included,MCS_arch_pvalue,MCS_arch_included_set,MCS_arch_excluded_set,DM_p_vs_RW,GW_p_vs_RW,CW_p_vs_RW
"GARCH(1,1)",171,0.5768329063219743,0.001007315138851296,0.01768620343185669,0.602523269079523,0.013727208666119026,True,1.0,"GARCH(1,1)","HAR, LSTM, RW, TSMixerX, VIX, VIX3M, XGBoost",0.0024965698612231316,2.8663481722855816e-23,0.06935813619660704
HAR,171,5642003.15964824,0.0019880598121422488,0.021037270864873676,0.21553098476629529,0.0324675037726956,False,0.002,"GARCH(1,1)","HAR, LSTM, RW, TSMixerX, VIX, VIX3M, XGBoost",0.30846499382449455,0.2615691970248658,0.07544021450562506
LSTM,171,0.8533825995488865,0.00931198251817074,0.07037484692412416,-2.6744174955336777,0.08908279073473654,False,0.0,"GARCH(1,1)","HAR, LSTM, RW, TSMixerX, VIX, VIX3M, XGBoost",3.05509505997959e-07,6.286043772053353e-34,0.05428718336946662
RW,171,0.28658279562409894,0.0025342744882664065,0.019891981112352394,0.0,0.030994996187597434,False,0.004,"GARCH(1,1)","HAR, LSTM, RW, TSMixerX, VIX, VIX3M, XGBoost",,,
TSMixerX,171,229454.61916419098,0.0023611225472979606,0.017915090039106674,0.06832406740869323,0.024996209541669968,False,0.008,"GARCH(1,1)","HAR, LSTM, RW, TSMixerX, VIX, VIX3M, XGBoost",0.3084644545072326,0.7848005778568446,0.04028966187635514
VIX,171,0.23381157978886202,0.0015567124090093774,0.01898456488933279,0.38573646374262294,0.036725392343531005,False,0.042,"GARCH(1,1)","HAR, LSTM, RW, TSMixerX, VIX, VIX3M, XGBoost",0.16865602754071185,2.6158525054705284e-222,0.04705487557229451
VIX3M,171,0.3402299513166628,0.0019639784623183398,0.025122970440580837,0.22503325057665036,0.043380844470542745,False,0.0,"GARCH(1,1)","HAR, LSTM, RW, TSMixerX, VIX, VIX3M, XGBoost",0.25371885461527754,1.0532997804788336e-136,0.05423609383048869
XGBoost,171,0.2836395338548989,0.0020244645936349863,0.019761051681838258,0.20116601299181303,0.03184758757420799,False,0.008,"GARCH(1,1)","HAR, LSTM, RW, TSMixerX, VIX, VIX3M, XGBoost",0.9585952578549317,0.0189604456721561,0.04920551126288516
