model,n,QLIKE,MSE,MAE,R2_oos,mean_y_hat,MCS_approx_included,MCS_approx_set,DM_p_vs_RW,GW_p_vs_RW,CW_p_vs_RW
"GARCH(1,1)",171,0.279591991952265,0.0012557580517125993,0.018609090456537122,0.5044901183645616,0.02655071949498412,True,"GARCH(1,1), HAR, LSTM, RW, VIX, VIX3M, XGBoost",0.8828881905992428,6.381202230551724e-32,0.06599079236950799
HAR,171,5642003.159648256,0.00198805981214225,0.021037270864873683,0.2155309847662954,0.032467503772695916,True,"GARCH(1,1), HAR, LSTM, RW, VIX, VIX3M, XGBoost",0.30846499382449455,0.26156919701717424,0.07544021450562506
LSTM,171,1.8807766682150846,0.11236944845781126,0.29902746897894017,-43.33988858668523,0.3266353094351222,True,"GARCH(1,1), HAR, LSTM, RW, VIX, VIX3M, XGBoost",1.7332332471674394e-24,2.5390529590138196e-60,0.035162672643423064
RW,171,0.2865827956240873,0.002534274488266408,0.0198919811123524,0.0,0.030994996187597747,True,"GARCH(1,1), HAR, LSTM, RW, VIX, VIX3M, XGBoost",,,
TSMixerX,171,17102046.456264213,0.002875300752635193,0.027449751950966345,-0.13456563838989144,0.02641958080478718,False,"GARCH(1,1), HAR, LSTM, RW, VIX, VIX3M, XGBoost",0.024751955776345348,1.0803534405034344e-128,0.07430673317926552
VIX,171,0.2338115797888508,0.0015567124090093746,0.018984564889332586,0.3857364637426245,0.036725392343531005,True,"GARCH(1,1), HAR, LSTM, RW, VIX, VIX3M, XGBoost",0.16865602754069042,5.258134097815011e-221,0.047054875572294486
VIX3M,171,0.34022995131664885,0.001963978462318333,0.02512297044058058,0.2250332505766537,0.043380844470542745,True,"GARCH(1,1), HAR, LSTM, RW, VIX, VIX3M, XGBoost",0.25371885461527555,1.0532997100440287e-136,0.05423609383048877
XGBoost,171,0.3770533498687338,0.0022576789823100497,0.022370194071943874,0.1091418894192342,0.03311045182658488,True,"GARCH(1,1), HAR, LSTM, RW, VIX, VIX3M, XGBoost",0.2817131698221581,6.728659559228633e-14,0.0708236795615951
